ID,userName,password
1,Baba,password
1,Baba,password
1,Baba,password
1,Baba,password
1,Baba,password
1,Baba,password
1,Baba,password
1,Baba,password
1,Baba,password
1,Baba,password
1,Baba,password
1,Baba,password
1,Baba,password
1,Baba,password
1,Baba,password
1,Baba,password
1,Baba,password
1,Baba,password
1,Baba,password
1,Baba,password
1,Baba,password
1,Baba,password
1,Baba,password
1,Baba,password
1,Baba,password
1,Baba,password
1,Baba,password
1,Baba,password
1,Baba,password
1,Baba,password
1,Username,Pawa
1,Usuna,Pawasda
1,Ususu,asdf
1,Bana,123d